day;timestamp;product;bid_price_1;bid_volume_1;bid_price_2;bid_volume_2;bid_price_3;bid_volume_3;ask_price_1;ask_volume_1;ask_price_2;ask_volume_2;ask_price_3;ask_volume_3;mid_price;profit_and_loss
0;0;INTARIAN_PEPPER_ROOT;10994;18;10987;20;10977;18;11010;19;11017;20;11027;13;11002.0;0.0
0;100;INTARIAN_PEPPER_ROOT;10993;20;10986;17;10976;13;11009;17;11016;13;11026;16;11001.0;0.0
0;200;INTARIAN_PEPPER_ROOT;10989;21;10982;18;10972;15;11006;19;11013;15;11023;11;10997.5;0.0
0;300;INTARIAN_PEPPER_ROOT;10989;19;10982;13;10972;17;11006;17;11013;16;11023;16;10997.5;0.0
0;400;INTARIAN_PEPPER_ROOT;10992;16;10985;16;10975;11;11008;19;11015;19;11025;16;11000.0;0.0
0;500;INTARIAN_PEPPER_ROOT;10994;12;10987;19;10977;17;11011;20;11018;17;11028;10;11002.5;0.0
0;600;INTARIAN_PEPPER_ROOT;10992;18;10985;15;10975;16;11009;19;11016;16;11026;13;11000.5;0.0
0;700;INTARIAN_PEPPER_ROOT;10992;17;10984;14;10973;13;11010;12;11018;13;11029;20;11001.0;0.0
0;800;INTARIAN_PEPPER_ROOT;10990;18;10982;18;10971;14;11008;15;11016;19;11027;13;10999.0;0.0
0;900;INTARIAN_PEPPER_ROOT;10994;20;10986;18;10975;10;11012;17;11020;20;11031;14;11003.0;0.0
0;1000;INTARIAN_PEPPER_ROOT;10992;20;10985;19;10975;19;11009;18;11016;17;11026;16;11000.5;0.0
0;1100;INTARIAN_PEPPER_ROOT;10995;17;10987;17;10976;19;11013;13;11021;14;11032;11;11004.0;0.0
0;1200;INTARIAN_PEPPER_ROOT;10988;17;10981;13;10971;12;11005;20;11012;13;11022;15;10996.5;0.0
0;1300;INTARIAN_PEPPER_ROOT;10992;21;10982;19;10968;17;11015;20;11025;10;11039;13;11003.5;0.0
0;1400;INTARIAN_PEPPER_ROOT;10994;15;10987;19;10977;18;11010;17;11017;15;11027;15;11002.0;0.0
0;1500;INTARIAN_PEPPER_ROOT;10988;17;10981;18;10971;14;11004;14;11011;12;11021;15;10996.0;0.0
0;1600;INTARIAN_PEPPER_ROOT;10990;15;10984;19;10975;18;11005;16;11011;15;11020;18;10997.5;0.0
0;1700;INTARIAN_PEPPER_ROOT;10997;20;10989;15;10978;15;11015;21;11023;12;11034;14;11006.0;0.0
0;1800;INTARIAN_PEPPER_ROOT;10991;19;10983;18;10972;10;11009;21;11017;17;11028;17;11000.0;0.0
0;1900;INTARIAN_PEPPER_ROOT;10989;16;10979;17;10965;12;11012;16;11022;18;11036;10;11000.5;0.0
0;2000;INTARIAN_PEPPER_ROOT;10987;20;10978;18;10965;13;11008;21;11017;20;11030;14;10997.5;0.0
0;2100;INTARIAN_PEPPER_ROOT;11001;15;10995;12;10986;16;11016;20;11022;16;11031;13;11008.5;0.0
0;2200;INTARIAN_PEPPER_ROOT;11000;24;10993;20;10983;14;11017;15;11024;16;11034;13;11008.5;0.0
0;2300;INTARIAN_PEPPER_ROOT;11000;15;10990;15;10976;12;11023;15;11033;14;11047;13;11011.5;0.0
0;2400;INTARIAN_PEPPER_ROOT;11001;23;10994;17;10984;14;11017;17;11024;16;11034;13;11009.0;0.0
0;2500;INTARIAN_PEPPER_ROOT;11001;20;10995;17;10986;10;11016;18;11022;15;11031;17;11008.5;0.0
0;2600;INTARIAN_PEPPER_ROOT;10999;21;10992;14;10982;16;11015;15;11022;19;11032;9;11007.0;0.0
0;2700;INTARIAN_PEPPER_ROOT;10999;21;10992;13;10982;11;11015;15;11022;17;11032;16;11007.0;0.0
0;2800;INTARIAN_PEPPER_ROOT;10996;17;10989;13;10979;10;11012;19;11019;17;11029;14;11004.0;0.0
0;2900;INTARIAN_PEPPER_ROOT;10997;17;10990;16;10980;15;11013;17;11020;13;11030;21;11005.0;0.0
0;3000;INTARIAN_PEPPER_ROOT;10995;13;10988;16;10978;12;11011;18;11018;11;11028;14;11003.0;0.0
0;3100;INTARIAN_PEPPER_ROOT;11002;19;10994;19;10983;12;11020;19;11028;15;11039;18;11011.0;0.0
0;3200;INTARIAN_PEPPER_ROOT;10997;21;10990;19;10980;18;11013;17;11020;15;11030;16;11005.0;0.0
0;3300;INTARIAN_PEPPER_ROOT;10999;23;10992;19;10982;16;11016;21;11023;17;11033;19;11007.5;0.0
0;3400;INTARIAN_PEPPER_ROOT;11002;17;10996;17;10987;13;11017;20;11023;12;11032;15;11009.5;0.0
0;3500;INTARIAN_PEPPER_ROOT;10996;19;10989;16;10979;16;11013;17;11020;17;11030;14;11004.5;0.0
0;3600;INTARIAN_PEPPER_ROOT;10993;18;10984;11;10971;17;11014;15;11023;19;11036;13;11003.5;0.0
0;3700;INTARIAN_PEPPER_ROOT;10993;17;10986;18;10976;15;11009;16;11016;18;11026;13;11001.0;0.0
0;3800;INTARIAN_PEPPER_ROOT;10997;17;10991;15;10982;14;11012;19;11018;25;11027;15;11004.5;0.0
0;3900;INTARIAN_PEPPER_ROOT;10990;22;10982;17;10971;21;11008;15;11016;16;11027;16;10999.0;0.0
0;4000;INTARIAN_PEPPER_ROOT;10998;19;10991;19;10981;13;11015;16;11022;19;11032;6;11006.5;0.0
0;4100;INTARIAN_PEPPER_ROOT;10999;21;10993;16;10984;14;11014;21;11020;14;11029;11;11006.5;0.0
0;4200;INTARIAN_PEPPER_ROOT;10995;20;10987;16;10976;15;11013;20;11021;18;11032;20;11004.0;0.0
0;4300;INTARIAN_PEPPER_ROOT;10996;23;10989;16;10979;18;11013;18;11020;18;11030;12;11004.5;0.0
0;4400;INTARIAN_PEPPER_ROOT;11002;11;10995;16;10985;11;11019;16;11026;18;11036;15;11010.5;0.0
0;4500;INTARIAN_PEPPER_ROOT;11000;14;10994;23;10985;14;11015;19;11021;18;11030;13;11007.5;0.0
0;4600;INTARIAN_PEPPER_ROOT;11000;17;10993;20;10983;14;11017;23;11024;20;11034;17;11008.5;0.0
0;4700;INTARIAN_PEPPER_ROOT;11001;17;10993;20;10982;20;11019;21;11027;17;11038;13;11010.0;0.0
0;4800;INTARIAN_PEPPER_ROOT;11004;18;10996;12;10985;12;11022;18;11030;15;11041;13;11013.0;0.0
0;4900;INTARIAN_PEPPER_ROOT;11002;14;10994;18;10982;8;11021;18;11029;16;11041;11;11011.5;0.0
0;5000;INTARIAN_PEPPER_ROOT;11001;19;10994;12;10984;18;11017;17;11024;17;11034;15;11009.0;0.0
0;5100;INTARIAN_PEPPER_ROOT;10992;17;10983;16;10971;18;11012;18;11021;16;11033;17;11002.0;0.0
0;5200;INTARIAN_PEPPER_ROOT;10996;19;10990;15;10981;10;11011;17;11017;11;11026;15;11003.5;0.0
0;5300;INTARIAN_PEPPER_ROOT;10998;18;10991;20;10981;9;11015;19;11022;21;11032;17;11006.5;0.0
0;5400;INTARIAN_PEPPER_ROOT;10999;19;10992;20;10982;12;11015;21;11022;15;11032;11;11007.0;0.0
0;5500;INTARIAN_PEPPER_ROOT;11000;19;10992;16;10981;15;11018;21;11026;16;11037;12;11009.0;0.0
0;5600;INTARIAN_PEPPER_ROOT;10995;16;10988;15;10978;17;11011;20;11018;16;11028;15;11003.0;0.0
0;5700;INTARIAN_PEPPER_ROOT;10992;13;10986;20;10977;15;11007;18;11013;20;11022;17;10999.5;0.0
0;5800;INTARIAN_PEPPER_ROOT;10995;17;10987;15;10976;16;11013;20;11021;11;11032;14;11004.0;0.0
0;5900;INTARIAN_PEPPER_ROOT;10996;17;10989;14;10979;14;11012;15;11019;15;11029;15;11004.0;0.0
0;6000;INTARIAN_PEPPER_ROOT;10996;13;10989;20;10979;15;11013;18;11020;16;11030;12;11004.5;0.0
0;6100;INTARIAN_PEPPER_ROOT;11001;23;10994;19;10984;15;11017;13;11024;16;11034;15;11009.0;0.0
0;6200;INTARIAN_PEPPER_ROOT;10997;21;10989;16;10978;13;11015;22;11023;17;11034;12;11006.0;0.0
0;6300;INTARIAN_PEPPER_ROOT;11005;20;10998;14;10988;15;11021;19;11028;19;11038;13;11013.0;0.0
0;6400;INTARIAN_PEPPER_ROOT;11001;12;10994;17;10984;13;11017;17;11024;14;11034;16;11009.0;0.0
0;6500;INTARIAN_PEPPER_ROOT;10998;16;10989;17;10977;10;11018;18;11027;19;11039;17;11008.0;0.0
0;6600;INTARIAN_PEPPER_ROOT;11003;15;10996;15;10986;12;11020;22;11027;13;11037;16;11011.5;0.0
0;6700;INTARIAN_PEPPER_ROOT;11001;17;10994;19;10984;15;11018;16;11025;22;11035;15;11009.5;0.0
0;6800;INTARIAN_PEPPER_ROOT;10996;17;10988;21;10977;11;11014;18;11022;14;11033;18;11005.0;0.0
0;6900;INTARIAN_PEPPER_ROOT;10993;23;10986;19;10976;11;11009;21;11016;14;11026;15;11001.0;0.0
0;7000;INTARIAN_PEPPER_ROOT;10998;14;10989;18;10975;17;11020;11;11029;15;11043;14;11009.0;0.0
0;7100;INTARIAN_PEPPER_ROOT;11007;15;10999;17;10988;15;11025;16;11033;20;11044;20;11016.0;0.0
0;7200;INTARIAN_PEPPER_ROOT;11007;21;10999;11;10988;18;11025;20;11033;18;11044;14;11016.0;0.0
0;7300;INTARIAN_PEPPER_ROOT;11004;22;10998;15;10989;12;11019;17;11025;16;11034;13;11011.5;0.0
0;7400;INTARIAN_PEPPER_ROOT;10997;18;10988;21;10975;18;11018;18;11027;18;11040;14;11007.5;0.0
0;7500;INTARIAN_PEPPER_ROOT;10996;15;10987;16;10975;17;11016;19;11025;16;11037;14;11006.0;0.0
0;7600;INTARIAN_PEPPER_ROOT;11000;20;10991;17;10978;12;11021;19;11030;12;11043;15;11010.5;0.0
0;7700;INTARIAN_PEPPER_ROOT;11000;20;10992;16;10981;15;11018;17;11026;14;11037;14;11009.0;0.0
0;7800;INTARIAN_PEPPER_ROOT;11001;17;10994;22;10984;17;11018;20;11025;12;11035;11;11009.5;0.0
0;7900;INTARIAN_PEPPER_ROOT;10994;13;10987;13;10977;15;11010;18;11017;14;11027;13;11002.0;0.0
0;8000;INTARIAN_PEPPER_ROOT;10997;17;10990;14;10980;15;11014;19;11021;17;11031;16;11005.5;0.0
0;8100;INTARIAN_PEPPER_ROOT;10997;16;10989;20;10978;19;11015;11;11023;15;11034;15;11006.0;0.0
0;8200;INTARIAN_PEPPER_ROOT;11001;21;10994;14;10984;15;11017;15;11024;16;11034;12;11009.0;0.0
0;8300;INTARIAN_PEPPER_ROOT;11002;19;10995;19;10985;12;11018;19;11025;16;11035;11;11010.0;0.0
0;8400;INTARIAN_PEPPER_ROOT;11000;16;10993;18;10983;10;11017;19;11024;18;11034;15;11008.5;0.0
0;8500;INTARIAN_PEPPER_ROOT;11005;15;10998;22;10988;19;11022;19;11029;14;11039;9;11013.5;0.0
0;8600;INTARIAN_PEPPER_ROOT;11001;20;10993;10;10981;19;11020;20;11028;20;11040;17;11010.5;0.0
0;8700;INTARIAN_PEPPER_ROOT;10997;22;10990;14;10980;17;11013;20;11020;22;11030;15;11005.0;0.0
0;8800;INTARIAN_PEPPER_ROOT;10997;18;10989;22;10977;10;11016;19;11024;14;11036;13;11006.5;0.0
0;8900;INTARIAN_PEPPER_ROOT;10999;16;10992;14;10982;13;11015;18;11022;15;11032;15;11007.0;0.0
0;9000;INTARIAN_PEPPER_ROOT;11005;11;10998;20;10988;16;11022;18;11029;18;11039;17;11013.5;0.0
0;9100;INTARIAN_PEPPER_ROOT;11006;19;10999;12;10989;15;11022;16;11029;16;11039;16;11014.0;0.0
0;9200;INTARIAN_PEPPER_ROOT;11004;19;10997;18;10987;13;11021;24;11028;17;11038;15;11012.5;0.0
0;9300;INTARIAN_PEPPER_ROOT;11003;17;10996;15;10986;14;11020;18;11027;22;11037;15;11011.5;0.0
0;9400;INTARIAN_PEPPER_ROOT;11003;19;10995;15;10984;18;11021;19;11029;17;11040;13;11012.0;0.0
0;9500;INTARIAN_PEPPER_ROOT;11006;14;10999;13;10989;14;11023;18;11030;13;11040;11;11014.5;0.0
0;9600;INTARIAN_PEPPER_ROOT;11004;29;10997;19;10987;19;11020;19;11027;20;11037;12;11012.0;0.0
0;9700;INTARIAN_PEPPER_ROOT;11004;17;10996;15;10985;17;11022;19;11030;13;11041;15;11013.0;0.0
0;9800;INTARIAN_PEPPER_ROOT;11004;14;10996;15;10984;13;11023;19;11031;20;11043;14;11013.5;0.0
0;9900;INTARIAN_PEPPER_ROOT;11003;20;10996;14;10986;19;11019;19;11026;17;11036;11;11011.0;0.0
0;10000;INTARIAN_PEPPER_ROOT;11000;17;10993;17;10983;15;11017;19;11024;14;11034;13;11008.5;0.0
0;10100;INTARIAN_PEPPER_ROOT;11002;21;10995;20;10985;12;11019;20;11026;20;11036;12;11010.5;0.0
0;10200;INTARIAN_PEPPER_ROOT;11004;18;10997;17;10987;11;11021;21;11028;17;11038;10;11012.5;0.0
0;10300;INTARIAN_PEPPER_ROOT;11000;20;10991;15;10979;11;11020;16;11029;20;11041;17;11010.0;0.0
0;10400;INTARIAN_PEPPER_ROOT;10998;20;10989;13;10976;13;11019;17;11028;13;11041;15;11008.5;0.0
0;10500;INTARIAN_PEPPER_ROOT;11010;17;11003;17;10993;19;11027;17;11034;18;11044;20;11018.5;0.0
0;10600;INTARIAN_PEPPER_ROOT;11008;17;11000;19;10988;9;11027;19;11035;17;11047;11;11017.5;0.0
0;10700;INTARIAN_PEPPER_ROOT;11005;16;10998;19;10988;14;11022;18;11029;19;11039;14;11013.5;0.0
0;10800;INTARIAN_PEPPER_ROOT;11001;21;10994;12;10984;14;11017;19;11024;15;11034;16;11009.0;0.0
0;10900;INTARIAN_PEPPER_ROOT;11003;19;10995;17;10984;16;11021;17;11029;16;11040;13;11012.0;0.0
0;11000;INTARIAN_PEPPER_ROOT;11002;18;10993;16;10980;18;11023;20;11032;16;11045;13;11012.5;0.0
0;11100;INTARIAN_PEPPER_ROOT;11008;20;11000;12;10988;13;11027;14;11035;17;11047;19;11017.5;0.0
0;11200;INTARIAN_PEPPER_ROOT;11005;14;10998;12;10988;12;11021;19;11028;19;11038;14;11013.0;0.0
0;11300;INTARIAN_PEPPER_ROOT;11000;17;10993;17;10983;11;11017;20;11024;16;11034;17;11008.5;0.0
0;11400;INTARIAN_PEPPER_ROOT;10997;18;10989;15;10977;19;11016;13;11024;13;11036;15;11006.5;0.0
0;11500;INTARIAN_PEPPER_ROOT;10997;13;10988;15;10975;14;11018;15;11027;14;11040;16;11007.5;0.0
0;11600;INTARIAN_PEPPER_ROOT;11004;18;10997;20;10987;17;11021;17;11028;14;11038;14;11012.5;0.0
0;11700;INTARIAN_PEPPER_ROOT;11012;21;11005;14;10995;14;11028;16;11035;15;11045;18;11020.0;0.0
0;11800;INTARIAN_PEPPER_ROOT;11005;14;10998;16;10988;15;11021;18;11028;14;11038;13;11013.0;0.0
0;11900;INTARIAN_PEPPER_ROOT;11001;18;10994;18;10984;11;11017;22;11024;16;11034;15;11009.0;0.0
0;12000;INTARIAN_PEPPER_ROOT;11004;19;10996;17;10984;13;11023;16;11031;19;11043;8;11013.5;0.0
0;12100;INTARIAN_PEPPER_ROOT;11011;15;11004;14;10994;12;11028;16;11035;15;11045;14;11019.5;0.0
0;12200;INTARIAN_PEPPER_ROOT;11010;19;11004;18;10995;15;11025;17;11031;13;11040;12;11017.5;0.0
0;12300;INTARIAN_PEPPER_ROOT;11008;16;11000;13;10989;11;11026;20;11034;15;11045;14;11017.0;0.0
0;12400;INTARIAN_PEPPER_ROOT;10997;15;10988;17;10975;12;11018;20;11027;17;11040;14;11007.5;0.0
0;12500;INTARIAN_PEPPER_ROOT;11002;18;10995;20;10985;18;11019;22;11026;22;11036;11;11010.5;0.0
0;12600;INTARIAN_PEPPER_ROOT;11004;16;10997;12;10987;21;11020;14;11027;14;11037;20;11012.0;0.0
0;12700;INTARIAN_PEPPER_ROOT;11006;21;10999;21;10989;15;11022;16;11029;19;11039;19;11014.0;0.0
0;12800;INTARIAN_PEPPER_ROOT;11007;14;10999;20;10988;21;11025;14;11033;18;11044;12;11016.0;0.0
0;12900;INTARIAN_PEPPER_ROOT;11003;25;10996;17;10986;15;11019;24;11026;17;11036;12;11011.0;0.0
0;13000;INTARIAN_PEPPER_ROOT;11001;19;10994;16;10984;13;11018;17;11025;20;11035;14;11009.5;0.0
0;13100;INTARIAN_PEPPER_ROOT;11007;19;11001;16;10992;19;11022;20;11028;16;11037;13;11014.5;0.0
0;13200;INTARIAN_PEPPER_ROOT;11010;21;11003;13;10993;14;11026;15;11033;16;11043;16;11018.0;0.0
0;13300;INTARIAN_PEPPER_ROOT;11014;18;11007;15;10997;14;11031;14;11038;15;11048;15;11022.5;0.0
0;13400;INTARIAN_PEPPER_ROOT;11010;17;11002;18;10990;11;11029;23;11037;21;11049;16;11019.5;0.0
0;13500;INTARIAN_PEPPER_ROOT;11013;16;11005;17;10994;14;11031;13;11039;19;11050;15;11022.0;0.0
0;13600;INTARIAN_PEPPER_ROOT;11013;14;11006;14;10996;16;11030;15;11037;16;11047;17;11021.5;0.0
0;13700;INTARIAN_PEPPER_ROOT;11008;20;11002;17;10993;18;11023;20;11029;19;11038;8;11015.5;0.0
0;13800;INTARIAN_PEPPER_ROOT;10999;17;10991;15;10979;17;11018;12;11026;16;11038;16;11008.5;0.0
0;13900;INTARIAN_PEPPER_ROOT;11009;21;11002;16;10992;16;11026;19;11033;21;11043;18;11017.5;0.0
0;14000;INTARIAN_PEPPER_ROOT;11012;16;11004;14;10993;13;11030;21;11038;15;11049;14;11021.0;0.0
0;14100;INTARIAN_PEPPER_ROOT;11015;21;11008;19;10998;13;11031;15;11038;20;11048;15;11023.0;0.0
0;14200;INTARIAN_PEPPER_ROOT;11004;16;10997;15;10987;10;11020;19;11027;16;11037;16;11012.0;0.0
0;14300;INTARIAN_PEPPER_ROOT;11002;16;10994;16;10982;15;11021;13;11029;13;11041;11;11011.5;0.0
0;14400;INTARIAN_PEPPER_ROOT;11011;17;11004;18;10994;16;11027;17;11034;25;11044;12;11019.0;0.0
0;14500;INTARIAN_PEPPER_ROOT;11011;19;11003;17;10991;14;11030;20;11038;16;11050;16;11020.5;0.0
0;14600;INTARIAN_PEPPER_ROOT;11012;18;11005;16;10995;16;11028;16;11035;18;11045;22;11020.0;0.0
0;14700;INTARIAN_PEPPER_ROOT;11010;18;11003;16;10993;15;11026;23;11033;15;11043;11;11018.0;0.0
0;14800;INTARIAN_PEPPER_ROOT;11004;15;10996;12;10984;12;11023;15;11031;16;11043;16;11013.5;0.0
0;14900;INTARIAN_PEPPER_ROOT;11009;16;11002;11;10992;15;11026;21;11033;16;11043;13;11017.5;0.0
0;15000;INTARIAN_PEPPER_ROOT;11010;20;11002;14;10991;11;11028;13;11036;18;11047;13;11019.0;0.0
0;15100;INTARIAN_PEPPER_ROOT;11016;20;11010;17;11001;15;11031;22;11037;18;11046;14;11023.5;0.0
0;15200;INTARIAN_PEPPER_ROOT;11006;19;10997;19;10985;19;11026;18;11035;15;11047;16;11016.0;0.0
0;15300;INTARIAN_PEPPER_ROOT;11007;19;10999;19;10988;18;11025;16;11033;13;11044;12;11016.0;0.0
0;15400;INTARIAN_PEPPER_ROOT;11008;23;11000;19;10989;12;11026;15;11034;15;11045;14;11017.0;0.0
0;15500;INTARIAN_PEPPER_ROOT;11007;27;10999;15;10988;17;11025;17;11033;19;11044;20;11016.0;0.0
0;15600;INTARIAN_PEPPER_ROOT;11013;15;11006;13;10996;15;11030;17;11037;14;11047;10;11021.5;0.0
0;15700;INTARIAN_PEPPER_ROOT;11011;18;11003;12;10992;15;11029;15;11037;17;11048;12;11020.0;0.0
0;15800;INTARIAN_PEPPER_ROOT;11008;17;11000;13;10988;16;11027;13;11035;14;11047;17;11017.5;0.0
0;15900;INTARIAN_PEPPER_ROOT;11007;23;10999;19;10988;16;11025;20;11033;15;11044;15;11016.0;0.0
0;16000;INTARIAN_PEPPER_ROOT;11006;16;10999;16;10989;11;11022;16;11029;16;11039;15;11014.0;0.0
0;16100;INTARIAN_PEPPER_ROOT;11005;19;10997;15;10985;10;11024;19;11032;17;11044;17;11014.5;0.0
0;16200;INTARIAN_PEPPER_ROOT;11004;19;10997;16;10987;17;11020;16;11027;15;11037;13;11012.0;0.0
0;16300;INTARIAN_PEPPER_ROOT;11005;20;10999;13;10990;15;11020;19;11026;12;11035;17;11012.5;0.0
0;16400;INTARIAN_PEPPER_ROOT;11003;21;10996;14;10986;14;11019;20;11026;13;11036;12;11011.0;0.0
0;16500;INTARIAN_PEPPER_ROOT;11008;16;11001;16;10991;12;11025;19;11032;20;11042;14;11016.5;0.0
0;16600;INTARIAN_PEPPER_ROOT;11010;19;11002;16;10991;14;11028;8;11036;17;11047;13;11019.0;0.0
0;16700;INTARIAN_PEPPER_ROOT;11005;19;10998;19;10988;15;11021;19;11028;15;11038;12;11013.0;0.0
0;16800;INTARIAN_PEPPER_ROOT;11007;17;10999;19;10987;14;11026;19;11034;16;11046;17;11016.5;0.0
0;16900;INTARIAN_PEPPER_ROOT;11007;20;11001;14;10992;15;11022;21;11028;18;11037;16;11014.5;0.0
0;17000;INTARIAN_PEPPER_ROOT;11008;26;11001;21;10991;12;11025;20;11032;13;11042;16;11016.5;0.0
0;17100;INTARIAN_PEPPER_ROOT;11008;19;11001;13;10991;14;11024;17;11031;13;11041;14;11016.0;0.0
0;17200;INTARIAN_PEPPER_ROOT;11008;16;11001;11;10991;15;11024;18;11031;14;11041;12;11016.0;0.0
0;17300;INTARIAN_PEPPER_ROOT;11011;17;11003;17;10991;15;11030;18;11038;17;11050;13;11020.5;0.0
0;17400;INTARIAN_PEPPER_ROOT;11008;18;11000;17;10988;18;11027;18;11035;11;11047;12;11017.5;0.0
0;17500;INTARIAN_PEPPER_ROOT;11007;18;11001;13;10992;13;11022;15;11028;20;11037;16;11014.5;0.0
0;17600;INTARIAN_PEPPER_ROOT;11002;21;10993;20;10981;13;11022;18;11031;11;11043;15;11012.0;0.0
0;17700;INTARIAN_PEPPER_ROOT;11005;14;10998;9;10988;16;11022;17;11029;18;11039;17;11013.5;0.0
0;17800;INTARIAN_PEPPER_ROOT;11006;18;10998;10;10986;11;11025;21;11033;16;11045;13;11015.5;0.0
0;17900;INTARIAN_PEPPER_ROOT;11010;14;11003;16;10993;19;11027;14;11034;17;11044;15;11018.5;0.0
0;18000;INTARIAN_PEPPER_ROOT;11017;16;11010;14;11000;13;11034;21;11041;21;11051;13;11025.5;0.0
0;18100;INTARIAN_PEPPER_ROOT;11011;18;11004;13;10994;18;11028;24;11035;21;11045;19;11019.5;0.0
0;18200;INTARIAN_PEPPER_ROOT;11013;19;11005;13;10993;14;11032;22;11040;15;11052;16;11022.5;0.0
0;18300;INTARIAN_PEPPER_ROOT;11009;14;11001;13;10990;14;11027;18;11035;19;11046;19;11018.0;0.0
0;18400;INTARIAN_PEPPER_ROOT;11003;16;10995;18;10983;15;11022;16;11030;12;11042;16;11012.5;0.0
0;18500;INTARIAN_PEPPER_ROOT;11007;22;11000;14;10990;15;11024;16;11031;20;11041;19;11015.5;0.0
0;18600;INTARIAN_PEPPER_ROOT;11012;19;11006;13;10997;15;11027;15;11033;13;11042;14;11019.5;0.0
0;18700;INTARIAN_PEPPER_ROOT;11009;17;11003;9;10994;14;11024;19;11030;13;11039;17;11016.5;0.0
0;18800;INTARIAN_PEPPER_ROOT;11014;15;11007;18;10997;12;11031;17;11038;19;11048;15;11022.5;0.0
0;18900;INTARIAN_PEPPER_ROOT;11011;17;11005;19;10996;15;11026;20;11032;20;11041;17;11018.5;0.0
0;19000;INTARIAN_PEPPER_ROOT;11009;19;11001;11;10989;15;11028;24;11036;11;11048;15;11018.5;0.0
0;19100;INTARIAN_PEPPER_ROOT;11009;18;11002;17;10992;14;11026;22;11033;18;11043;15;11017.5;0.0
0;19200;INTARIAN_PEPPER_ROOT;11013;19;11005;22;10994;14;11031;19;11039;13;11050;16;11022.0;0.0
0;19300;INTARIAN_PEPPER_ROOT;11012;13;11005;24;10995;14;11028;18;11035;19;11045;15;11020.0;0.0
0;19400;INTARIAN_PEPPER_ROOT;11011;22;11003;13;10992;11;11029;13;11037;16;11048;13;11020.0;0.0
0;19500;INTARIAN_PEPPER_ROOT;11011;21;11004;15;10994;17;11028;23;11035;15;11045;16;11019.5;0.0
0;19600;INTARIAN_PEPPER_ROOT;11011;19;11004;16;10994;14;11028;18;11035;18;11045;13;11019.5;0.0
0;19700;INTARIAN_PEPPER_ROOT;11007;17;11000;16;10990;14;11023;18;11030;18;11040;19;11015.0;0.0
0;19800;INTARIAN_PEPPER_ROOT;11007;15;11000;17;10990;12;11024;20;11031;14;11041;16;11015.5;0.0
0;19900;INTARIAN_PEPPER_ROOT;11011;12;11002;17;10989;15;11032;16;11041;17;11054;13;11021.5;0.0
0;20000;INTARIAN_PEPPER_ROOT;11011;19;11004;10;10994;17;11028;17;11035;17;11045;15;11019.5;0.0
0;20100;INTARIAN_PEPPER_ROOT;11015;20;11008;18;10998;12;11031;22;11038;17;11048;17;11023.0;0.0
0;20200;INTARIAN_PEPPER_ROOT;11017;16;11010;17;11000;18;11034;19;11041;15;11051;19;11025.5;0.0
0;20300;INTARIAN_PEPPER_ROOT;11015;16;11008;16;10998;11;11031;18;11038;18;11048;8;11023.0;0.0
0;20400;INTARIAN_PEPPER_ROOT;11008;18;11001;9;10991;12;11025;19;11032;16;11042;16;11016.5;0.0
0;20500;INTARIAN_PEPPER_ROOT;11008;22;11001;10;10991;17;11025;21;11032;13;11042;16;11016.5;0.0
0;20600;INTARIAN_PEPPER_ROOT;11009;20;11003;15;10994;14;11024;19;11030;14;11039;16;11016.5;0.0
0;20700;INTARIAN_PEPPER_ROOT;11012;18;11003;18;10991;10;11032;15;11041;20;11053;12;11022.0;0.0
0;20800;INTARIAN_PEPPER_ROOT;11014;16;11007;13;10997;15;11031;20;11038;20;11048;15;11022.5;0.0
0;20900;INTARIAN_PEPPER_ROOT;11008;16;11001;16;10991;14;11024;22;11031;17;11041;14;11016.0;0.0
0;21000;INTARIAN_PEPPER_ROOT;11006;17;10998;14;10987;7;11024;15;11032;20;11043;15;11015.0;0.0
0;21100;INTARIAN_PEPPER_ROOT;11006;24;10998;13;10987;17;11024;19;11032;16;11043;19;11015.0;0.0
0;21200;INTARIAN_PEPPER_ROOT;11015;13;11007;14;10996;14;11033;19;11041;16;11052;11;11024.0;0.0
0;21300;INTARIAN_PEPPER_ROOT;11021;18;11014;17;11004;13;11037;17;11044;15;11054;18;11029.0;0.0
0;21400;INTARIAN_PEPPER_ROOT;11019;18;11013;14;11004;16;11034;15;11040;14;11049;15;11026.5;0.0
0;21500;INTARIAN_PEPPER_ROOT;11014;19;11007;18;10997;11;11030;19;11037;16;11047;13;11022.0;0.0
0;21600;INTARIAN_PEPPER_ROOT;11018;18;11010;18;10998;13;11037;15;11045;11;11057;18;11027.5;0.0
0;21700;INTARIAN_PEPPER_ROOT;11022;15;11015;14;11005;21;11038;20;11045;19;11055;15;11030.0;0.0
0;21800;INTARIAN_PEPPER_ROOT;11012;20;11004;13;10993;17;11030;18;11038;13;11049;16;11021.0;0.0
0;21900;INTARIAN_PEPPER_ROOT;11013;15;11006;21;10996;14;11030;18;11037;18;11047;16;11021.5;0.0
0;22000;INTARIAN_PEPPER_ROOT;11013;18;11006;19;10996;7;11030;24;11037;15;11047;15;11021.5;0.0
0;22100;INTARIAN_PEPPER_ROOT;11023;20;11016;13;11006;18;11039;16;11046;13;11056;11;11031.0;0.0
0;22200;INTARIAN_PEPPER_ROOT;11021;20;11015;16;11006;16;11036;18;11042;15;11051;16;11028.5;0.0
0;22300;INTARIAN_PEPPER_ROOT;11022;19;11014;16;11003;9;11040;15;11048;13;11059;16;11031.0;0.0
0;22400;INTARIAN_PEPPER_ROOT;11022;17;11014;21;11002;14;11041;16;11049;12;11061;16;11031.5;0.0
0;22500;INTARIAN_PEPPER_ROOT;11019;14;11011;20;11000;13;11037;21;11045;16;11056;14;11028.0;0.0
0;22600;INTARIAN_PEPPER_ROOT;11016;21;11009;16;10999;16;11033;17;11040;18;11050;14;11024.5;0.0
0;22700;INTARIAN_PEPPER_ROOT;11015;18;11008;17;10998;18;11032;18;11039;14;11049;13;11023.5;0.0
0;22800;INTARIAN_PEPPER_ROOT;11013;15;11005;20;10994;6;11031;17;11039;13;11050;9;11022.0;0.0
0;22900;INTARIAN_PEPPER_ROOT;11010;19;11003;20;10993;14;11027;23;11034;21;11044;17;11018.5;0.0
0;23000;INTARIAN_PEPPER_ROOT;11022;15;11014;13;11002;14;11041;15;11049;18;11061;16;11031.5;0.0
0;23100;INTARIAN_PEPPER_ROOT;11018;20;11011;16;11001;16;11034;16;11041;15;11051;13;11026.0;0.0
0;23200;INTARIAN_PEPPER_ROOT;11019;16;11011;18;10999;11;11038;17;11046;16;11058;14;11028.5;0.0
0;23300;INTARIAN_PEPPER_ROOT;11014;17;11004;19;10989;15;11038;15;11048;15;11063;16;11026.0;0.0
0;23400;INTARIAN_PEPPER_ROOT;11018;16;11011;15;11001;11;11035;24;11042;21;11052;10;11026.5;0.0
0;23500;INTARIAN_PEPPER_ROOT;11021;17;11015;19;11006;13;11036;21;11042;12;11051;16;11028.5;0.0
0;23600;INTARIAN_PEPPER_ROOT;11017;22;11009;17;10998;14;11035;18;11043;18;11054;15;11026.0;0.0
0;23700;INTARIAN_PEPPER_ROOT;11014;19;11007;16;10997;15;11031;21;11038;12;11048;17;11022.5;0.0
0;23800;INTARIAN_PEPPER_ROOT;11019;18;11012;15;11002;13;11036;20;11043;18;11053;15;11027.5;0.0
0;23900;INTARIAN_PEPPER_ROOT;11019;15;11011;21;10999;7;11038;18;11046;14;11058;12;11028.5;0.0
0;24000;INTARIAN_PEPPER_ROOT;11015;18;11007;18;10996;14;11033;18;11041;13;11052;13;11024.0;0.0
0;24100;INTARIAN_PEPPER_ROOT;11002;26;10993;19;10979;10;11024;19;11033;18;11047;18;11013.0;0.0
0;24200;INTARIAN_PEPPER_ROOT;10991;25;10982;17;10970;24;11011;18;11020;20;11032;19;11001.0;0.0
0;24300;INTARIAN_PEPPER_ROOT;10973;23;10961;25;10943;24;11001;28;11013;30;11031;21;10987.0;0.0
0;24400;INTARIAN_PEPPER_ROOT;10950;28;10938;23;10921;23;10977;31;10989;29;11006;29;10963.5;0.0
0;24500;INTARIAN_PEPPER_ROOT;10943;39;10929;33;10909;32;10974;44;10988;37;11008;30;10958.5;0.0
0;24600;INTARIAN_PEPPER_ROOT;10912;45;10895;38;10871;33;10950;45;10967;34;10991;31;10931.0;0.0
0;24700;INTARIAN_PEPPER_ROOT;10916;40;10900;42;10877;49;10952;32;10968;49;10991;39;10934.0;0.0
0;24800;INTARIAN_PEPPER_ROOT;10893;37;10874;48;10846;51;10937;48;10956;45;10984;39;10915.0;0.0
0;24900;INTARIAN_PEPPER_ROOT;10893;42;10876;46;10852;30;10931;59;10948;37;10972;46;10912.0;0.0
0;25000;INTARIAN_PEPPER_ROOT;10901;40;10884;40;10859;31;10940;48;10957;37;10982;40;10920.5;0.0
0;25100;INTARIAN_PEPPER_ROOT;10905;48;10888;44;10864;25;10943;42;10960;33;10984;33;10924.0;0.0
0;25200;INTARIAN_PEPPER_ROOT;10902;44;10885;45;10860;29;10941;37;10958;37;10983;41;10921.5;0.0
0;25300;INTARIAN_PEPPER_ROOT;10901;63;10882;30;10854;28;10945;38;10964;46;10992;33;10923.0;0.0
0;25400;INTARIAN_PEPPER_ROOT;10896;40;10880;27;10857;42;10932;46;10948;35;10971;22;10914.0;0.0
0;25500;INTARIAN_PEPPER_ROOT;10910;48;10896;36;10875;28;10943;29;10957;36;10978;35;10926.5;0.0
0;25600;INTARIAN_PEPPER_ROOT;10909;41;10895;25;10875;34;10941;46;10955;38;10975;33;10925.0;0.0
0;25700;INTARIAN_PEPPER_ROOT;10908;39;10893;27;10872;24;10942;31;10957;41;10978;19;10925.0;0.0
0;25800;INTARIAN_PEPPER_ROOT;10909;31;10895;21;10874;36;10942;36;10956;9;10977;33;10925.5;0.0
0;25900;INTARIAN_PEPPER_ROOT;10898;33;10884;35;10863;24;10931;32;10945;28;10966;23;10914.5;0.0
0;26000;INTARIAN_PEPPER_ROOT;10900;38;10887;36;10868;20;10930;31;10943;36;10962;24;10915.0;0.0
0;26100;INTARIAN_PEPPER_ROOT;10905;38;10891;26;10871;16;10936;27;10950;35;10970;31;10920.5;0.0
0;26200;INTARIAN_PEPPER_ROOT;10899;25;10885;24;10864;32;10932;30;10946;32;10967;26;10915.5;0.0
0;26300;INTARIAN_PEPPER_ROOT;10906;24;10893;32;10875;31;10935;31;10948;29;10966;30;10920.5;0.0
0;26400;INTARIAN_PEPPER_ROOT;10901;27;10887;31;10867;21;10933;22;10947;23;10967;20;10917.0;0.0
0;26500;INTARIAN_PEPPER_ROOT;10906;33;10895;20;10879;20;10932;29;10943;34;10959;21;10919.0;0.0
0;26600;INTARIAN_PEPPER_ROOT;10907;29;10897;22;10882;22;10931;39;10941;27;10956;26;10919.0;0.0
0;26700;INTARIAN_PEPPER_ROOT;10915;26;10904;21;10888;16;10941;29;10952;32;10968;23;10928.0;0.0
0;26800;INTARIAN_PEPPER_ROOT;10918;31;10907;29;10891;19;10944;25;10955;23;10971;20;10931.0;0.0
0;26900;INTARIAN_PEPPER_ROOT;10906;33;10895;34;10879;24;10931;24;10942;26;10958;28;10918.5;0.0
0;27000;INTARIAN_PEPPER_ROOT;10917;29;10908;21;10894;23;10939;28;10948;26;10962;20;10928.0;0.0
0;27100;INTARIAN_PEPPER_ROOT;10911;25;10902;23;10888;10;10933;28;10942;17;10956;21;10922.0;0.0
0;27200;INTARIAN_PEPPER_ROOT;10908;19;10897;15;10881;13;10933;25;10944;21;10960;23;10920.5;0.0
0;27300;INTARIAN_PEPPER_ROOT;10916;24;10907;17;10893;19;10938;24;10947;22;10961;19;10927.0;0.0
0;27400;INTARIAN_PEPPER_ROOT;10915;28;10906;21;10893;24;10936;21;10945;26;10958;23;10925.5;0.0
0;27500;INTARIAN_PEPPER_ROOT;10912;22;10902;19;10887;19;10936;26;10946;28;10961;16;10924.0;0.0
0;27600;INTARIAN_PEPPER_ROOT;10916;26;10907;13;10895;22;10936;23;10945;23;10957;19;10926.0;0.0
0;27700;INTARIAN_PEPPER_ROOT;10911;19;10902;18;10889;20;10932;25;10941;24;10954;22;10921.5;0.0
0;27800;INTARIAN_PEPPER_ROOT;10910;21;10900;21;10886;18;10933;24;10943;16;10957;14;10921.5;0.0
0;27900;INTARIAN_PEPPER_ROOT;10913;28;10905;23;10893;19;10932;22;10940;29;10952;19;10922.5;0.0
0;28000;INTARIAN_PEPPER_ROOT;10918;28;10909;20;10895;16;10940;18;10949;16;10963;18;10929.0;0.0
0;28100;INTARIAN_PEPPER_ROOT;10915;21;10907;18;10895;14;10934;25;10942;25;10954;21;10924.5;0.0
0;28200;INTARIAN_PEPPER_ROOT;10916;19;10907;18;10894;14;10937;26;10946;24;10959;23;10926.5;0.0
0;28300;INTARIAN_PEPPER_ROOT;10913;22;10905;24;10893;16;10932;19;10940;15;10952;15;10922.5;0.0
0;28400;INTARIAN_PEPPER_ROOT;10921;19;10913;20;10901;18;10940;29;10948;20;10960;22;10930.5;0.0
0;28500;INTARIAN_PEPPER_ROOT;10920;23;10910;23;10896;16;10943;19;10953;15;10967;18;10931.5;0.0
0;28600;INTARIAN_PEPPER_ROOT;10918;15;10909;16;10895;14;10940;16;10949;21;10963;20;10929.0;0.0
0;28700;INTARIAN_PEPPER_ROOT;10914;15;10906;13;10895;13;10932;21;10940;17;10951;13;10923.0;0.0
0;28800;INTARIAN_PEPPER_ROOT;10921;24;10914;21;10904;14;10938;19;10945;20;10955;17;10929.5;0.0
0;28900;INTARIAN_PEPPER_ROOT;10915;21;10905;19;10890;17;10939;19;10949;20;10964;16;10927.0;0.0
0;29000;INTARIAN_PEPPER_ROOT;10924;16;10915;22;10903;18;10944;15;10953;20;10965;16;10934.0;0.0
0;29100;INTARIAN_PEPPER_ROOT;10922;18;10913;21;10901;17;10942;17;10951;16;10963;18;10932.0;0.0
0;29200;INTARIAN_PEPPER_ROOT;10922;20;10915;21;10905;16;10939;19;10946;21;10956;16;10930.5;0.0
0;29300;INTARIAN_PEPPER_ROOT;10922;20;10913;20;10901;22;10942;17;10951;15;10963;11;10932.0;0.0
0;29400;INTARIAN_PEPPER_ROOT;10920;20;10912;16;10901;15;10938;20;10946;21;10957;16;10929.0;0.0
0;29500;INTARIAN_PEPPER_ROOT;10922;24;10915;20;10905;14;10938;17;10945;22;10955;9;10930.0;0.0
0;29600;INTARIAN_PEPPER_ROOT;10920;23;10912;17;10900;14;10939;23;10947;17;10959;17;10929.5;0.0
0;29700;INTARIAN_PEPPER_ROOT;10920;19;10912;15;10901;9;10938;20;10946;16;10957;18;10929.0;0.0
0;29800;INTARIAN_PEPPER_ROOT;10920;22;10913;14;10903;12;10936;16;10943;19;10953;17;10928.0;0.0
0;29900;INTARIAN_PEPPER_ROOT;10930;16;10922;15;10910;18;10949;22;10957;22;10969;12;10939.5;0.0
0;30000;INTARIAN_PEPPER_ROOT;10929;18;10922;17;10912;17;10946;14;10953;17;10963;20;10937.5;0.0
0;30100;INTARIAN_PEPPER_ROOT;10927;18;10920;19;10910;16;10944;17;10951;20;10961;12;10935.5;0.0
0;30200;INTARIAN_PEPPER_ROOT;10921;23;10912;14;10900;9;10941;19;10950;21;10962;6;10931.0;0.0
0;30300;INTARIAN_PEPPER_ROOT;10925;18;10918;15;10908;11;10942;22;10949;21;10959;14;10933.5;0.0
0;30400;INTARIAN_PEPPER_ROOT;10927;15;10919;15;10907;16;10946;19;10954;19;10966;21;10936.5;0.0
0;30500;INTARIAN_PEPPER_ROOT;10923;12;10916;19;10906;14;10940;15;10947;22;10957;13;10931.5;0.0
0;30600;INTARIAN_PEPPER_ROOT;10923;14;10916;16;10906;14;10940;18;10947;18;10957;15;10931.5;0.0
0;30700;INTARIAN_PEPPER_ROOT;10917;18;10909;17;10898;15;10935;20;10943;18;10954;16;10926.0;0.0
0;30800;INTARIAN_PEPPER_ROOT;10927;19;10919;17;10908;15;10945;23;10953;20;10964;15;10936.0;0.0
0;30900;INTARIAN_PEPPER_ROOT;10929;22;10922;18;10912;11;10945;16;10952;20;10962;20;10937.0;0.0
0;31000;INTARIAN_PEPPER_ROOT;10927;20;10920;9;10910;10;10944;23;10951;18;10961;15;10935.5;0.0
0;31100;INTARIAN_PEPPER_ROOT;10923;15;10915;19;10903;16;10942;18;10950;19;10962;15;10932.5;0.0
0;31200;INTARIAN_PEPPER_ROOT;10918;17;10911;19;10901;13;10935;14;10942;22;10952;22;10926.5;0.0
0;31300;INTARIAN_PEPPER_ROOT;10920;20;10913;14;10903;19;10936;20;10943;15;10953;12;10928.0;0.0
0;31400;INTARIAN_PEPPER_ROOT;10921;16;10913;16;10901;14;10940;21;10948;20;10960;17;10930.5;0.0
0;31500;INTARIAN_PEPPER_ROOT;10926;12;10919;21;10909;18;10942;17;10949;19;10959;17;10934.0;0.0
0;31600;INTARIAN_PEPPER_ROOT;10926;15;10917;13;10905;19;10946;15;10955;19;10967;11;10936.0;0.0
0;31700;INTARIAN_PEPPER_ROOT;10924;13;10917;18;10907;16;10940;24;10947;18;10957;13;10932.0;0.0
0;31800;INTARIAN_PEPPER_ROOT;10925;18;10916;16;10904;16;10945;12;10954;15;10966;12;10935.0;0.0
0;31900;INTARIAN_PEPPER_ROOT;10926;15;10918;19;10907;15;10944;17;10952;20;10963;15;10935.0;0.0
0;32000;INTARIAN_PEPPER_ROOT;10926;16;10918;17;10907;17;10944;16;10952;21;10963;14;10935.0;0.0
0;32100;INTARIAN_PEPPER_ROOT;10919;19;10912;16;10902;14;10935;19;10942;22;10952;15;10927.0;0.0
0;32200;INTARIAN_PEPPER_ROOT;10922;20;10914;16;10903;19;10940;20;10948;19;10959;11;10931.0;0.0
0;32300;INTARIAN_PEPPER_ROOT;10930;17;10923;17;10913;18;10947;16;10954;17;10964;13;10938.5;0.0
0;32400;INTARIAN_PEPPER_ROOT;10930;15;10923;16;10913;14;10946;15;10953;14;10963;16;10938.0;0.0
0;32500;INTARIAN_PEPPER_ROOT;10924;15;10916;21;10904;13;10943;17;10951;16;10963;14;10933.5;0.0
0;32600;INTARIAN_PEPPER_ROOT;10928;17;10920;12;10909;20;10946;20;10954;17;10965;15;10937.0;0.0
0;32700;INTARIAN_PEPPER_ROOT;10934;20;10927;16;10917;11;10951;17;10958;8;10968;12;10942.5;0.0
0;32800;INTARIAN_PEPPER_ROOT;10924;24;10917;20;10907;19;10940;12;10947;16;10957;15;10932.0;0.0
0;32900;INTARIAN_PEPPER_ROOT;10926;20;10919;16;10909;19;10942;19;10949;18;10959;14;10934.0;0.0
0;33000;INTARIAN_PEPPER_ROOT;10926;18;10919;19;10909;7;10942;23;10949;16;10959;12;10934.0;0.0
0;33100;INTARIAN_PEPPER_ROOT;10923;21;10916;20;10906;18;10940;15;10947;19;10957;12;10931.5;0.0
0;33200;INTARIAN_PEPPER_ROOT;10925;16;10917;12;10905;19;10944;18;10952;16;10964;13;10934.5;0.0
0;33300;INTARIAN_PEPPER_ROOT;10927;15;10920;18;10910;13;10943;15;10950;15;10960;12;10935.0;0.0
0;33400;INTARIAN_PEPPER_ROOT;10924;16;10917;17;10907;12;10941;17;10948;18;10958;10;10932.5;0.0
0;33500;INTARIAN_PEPPER_ROOT;10928;20;10921;16;10911;12;10945;14;10952;21;10962;17;10936.5;0.0
0;33600;INTARIAN_PEPPER_ROOT;10922;18;10913;21;10900;16;10943;16;10952;13;10965;13;10932.5;0.0
0;33700;INTARIAN_PEPPER_ROOT;10928;17;10922;18;10913;16;10943;20;10949;15;10958;13;10935.5;0.0
0;33800;INTARIAN_PEPPER_ROOT;10927;20;10920;13;10910;16;10944;17;10951;13;10961;19;10935.5;0.0
0;33900;INTARIAN_PEPPER_ROOT;10925;16;10918;18;10908;13;10941;15;10948;15;10958;18;10933.0;0.0
0;34000;INTARIAN_PEPPER_ROOT;10926;21;10919;19;10909;14;10943;16;10950;16;10960;14;10934.5;0.0
0;34100;INTARIAN_PEPPER_ROOT;10929;16;10921;14;10910;15;10947;16;10955;16;10966;14;10938.0;0.0
0;34200;INTARIAN_PEPPER_ROOT;10928;12;10920;15;10908;14;10947;20;10955;13;10967;16;10937.5;0.0
0;34300;INTARIAN_PEPPER_ROOT;10928;20;10922;16;10913;16;10943;12;10949;16;10958;12;10935.5;0.0
0;34400;INTARIAN_PEPPER_ROOT;10934;15;10927;18;10917;14;10950;20;10957;17;10967;13;10942.0;0.0
0;34500;INTARIAN_PEPPER_ROOT;10923;17;10914;16;10902;16;10943;23;10952;19;10964;16;10933.0;0.0
0;34600;INTARIAN_PEPPER_ROOT;10924;15;10917;12;10907;17;10941;20;10948;20;10958;13;10932.5;0.0
0;34700;INTARIAN_PEPPER_ROOT;10920;20;10912;17;10900;17;10939;21;10947;18;10959;15;10929.5;0.0
0;34800;INTARIAN_PEPPER_ROOT;10926;17;10918;19;10907;12;10944;20;10952;21;10963;17;10935.0;0.0
0;34900;INTARIAN_PEPPER_ROOT;10929;19;10923;15;10914;10;10944;19;10950;17;10959;17;10936.5;0.0
0;35000;INTARIAN_PEPPER_ROOT;10931;19;10923;15;10912;14;10949;18;10957;15;10968;13;10940.0;0.0
0;35100;INTARIAN_PEPPER_ROOT;10931;15;10921;15;10907;17;10954;19;10964;15;10978;12;10942.5;0.0
0;35200;INTARIAN_PEPPER_ROOT;10925;17;10917;18;10905;12;10944;20;10952;14;10964;14;10934.5;0.0
0;35300;INTARIAN_PEPPER_ROOT;10929;22;10922;15;10912;14;10946;17;10953;18;10963;13;10937.5;0.0
0;35400;INTARIAN_PEPPER_ROOT;10925;18;10918;16;10908;20;10941;21;10948;17;10958;14;10933.0;0.0
0;35500;INTARIAN_PEPPER_ROOT;10928;20;10920;23;10909;12;10946;16;10954;16;10965;13;10937.0;0.0
0;35600;INTARIAN_PEPPER_ROOT;10930;19;10923;17;10913;18;10947;15;10954;16;10964;14;10938.5;0.0
0;35700;INTARIAN_PEPPER_ROOT;10927;19;10918;20;10906;14;10947;13;10956;15;10968;14;10937.0;0.0
0;35800;INTARIAN_PEPPER_ROOT;10929;16;10921;17;10909;15;10948;18;10956;17;10968;19;10938.5;0.0
0;35900;INTARIAN_PEPPER_ROOT;10929;22;10921;12;10910;15;10947;19;10955;12;10966;16;10938.0;0.0
0;36000;INTARIAN_PEPPER_ROOT;10933;18;10925;14;10913;14;10952;21;10960;18;10972;21;10942.5;0.0
0;36100;INTARIAN_PEPPER_ROOT;10931;17;10924;18;10914;13;10948;22;10955;16;10965;13;10939.5;0.0
0;36200;INTARIAN_PEPPER_ROOT;10932;17;10925;17;10915;12;10949;21;10956;17;10966;18;10940.5;0.0
0;36300;INTARIAN_PEPPER_ROOT;10931;23;10925;17;10916;19;10946;14;10952;17;10961;16;10938.5;0.0
0;36400;INTARIAN_PEPPER_ROOT;10928;19;10920;19;10908;15;10947;13;10955;19;10967;12;10937.5;0.0
0;36500;INTARIAN_PEPPER_ROOT;10928;20;10920;16;10908;16;10947;20;10955;17;10967;17;10937.5;0.0
0;36600;INTARIAN_PEPPER_ROOT;10928;22;10922;19;10913;16;10943;14;10949;12;10958;16;10935.5;0.0
0;36700;INTARIAN_PEPPER_ROOT;10931;19;10924;16;10914;12;10947;17;10954;15;10964;12;10939.0;0.0
0;36800;INTARIAN_PEPPER_ROOT;10932;18;10925;14;10915;14;10948;17;10955;20;10965;15;10940.0;0.0
0;36900;INTARIAN_PEPPER_ROOT;10933;20;10926;17;10916;16;10950;20;10957;14;10967;14;10941.5;0.0
0;37000;INTARIAN_PEPPER_ROOT;10931;18;10923;23;10911;14;10950;21;10958;22;10970;14;10940.5;0.0
0;37100;INTARIAN_PEPPER_ROOT;10930;19;10922;17;10910;19;10949;20;10957;16;10969;13;10939.5;0.0
0;37200;INTARIAN_PEPPER_ROOT;10932;23;10925;8;10915;11;10948;20;10955;19;10965;17;10940.0;0.0
0;37300;INTARIAN_PEPPER_ROOT;10934;18;10926;21;10915;9;10952;18;10960;17;10971;13;10943.0;0.0
0;37400;INTARIAN_PEPPER_ROOT;10933;18;10926;15;10916;14;10949;19;10956;16;10966;11;10941.0;0.0
0;37500;INTARIAN_PEPPER_ROOT;10933;18;10926;16;10916;15;10950;17;10957;15;10967;14;10941.5;0.0
0;37600;INTARIAN_PEPPER_ROOT;10933;22;10924;14;10912;14;10953;17;10962;22;10974;14;10943.0;0.0
0;37700;INTARIAN_PEPPER_ROOT;10937;21;10930;18;10920;19;10953;20;10960;19;10970;15;10945.0;0.0
0;37800;INTARIAN_PEPPER_ROOT;10930;14;10923;14;10913;10;10947;18;10954;14;10964;14;10938.5;0.0
0;37900;INTARIAN_PEPPER_ROOT;10930;13;10923;17;10913;14;10947;17;10954;13;10964;17;10938.5;0.0
0;38000;INTARIAN_PEPPER_ROOT;10936;15;10929;14;10919;14;10952;17;10959;17;10969;10;10944.0;0.0
0;38100;INTARIAN_PEPPER_ROOT;10932;15;10923;14;10910;17;10953;16;10962;21;10975;12;10942.5;0.0
0;38200;INTARIAN_PEPPER_ROOT;10938;15;10931;13;10921;13;10954;20;10961;18;10971;14;10946.0;0.0
0;38300;INTARIAN_PEPPER_ROOT;10931;20;10923;15;10911;14;10950;20;10958;11;10970;10;10940.5;0.0
0;38400;INTARIAN_PEPPER_ROOT;10935;18;10928;18;10918;13;10952;18;10959;14;10969;16;10943.5;0.0
0;38500;INTARIAN_PEPPER_ROOT;10937;20;10930;21;10920;12;10953;20;10960;16;10970;16;10945.0;0.0
0;38600;INTARIAN_PEPPER_ROOT;10932;16;10925;18;10915;15;10949;19;10956;13;10966;18;10940.5;0.0
0;38700;INTARIAN_PEPPER_ROOT;10937;16;10928;21;10916;15;10957;14;10966;21;10978;9;10947.0;0.0
0;38800;INTARIAN_PEPPER_ROOT;10936;20;10930;17;10921;11;10951;16;10957;16;10966;10;10943.5;0.0
0;38900;INTARIAN_PEPPER_ROOT;10940;17;10933;15;10923;14;10956;16;10963;13;10973;16;10948.0;0.0
0;39000;INTARIAN_PEPPER_ROOT;10935;17;10928;20;10918;12;10952;12;10959;17;10969;14;10943.5;0.0
0;39100;INTARIAN_PEPPER_ROOT;10931;23;10923;17;10912;15;10949;17;10957;15;10968;16;10940.0;0.0
0;39200;INTARIAN_PEPPER_ROOT;10932;12;10926;18;10917;14;10947;18;10953;18;10962;14;10939.5;0.0
0;39300;INTARIAN_PEPPER_ROOT;10933;20;10924;16;10911;8;10954;14;10963;15;10976;13;10943.5;0.0
0;39400;INTARIAN_PEPPER_ROOT;10935;17;10928;17;10918;18;10951;17;10958;9;10968;15;10943.0;0.0
0;39500;INTARIAN_PEPPER_ROOT;10928;20;10919;13;10907;18;10948;19;10957;18;10969;13;10938.0;0.0
0;39600;INTARIAN_PEPPER_ROOT;10933;14;10926;16;10916;17;10949;16;10956;21;10966;14;10941.0;0.0
0;39700;INTARIAN_PEPPER_ROOT;10929;20;10921;14;10910;10;10947;14;10955;13;10966;17;10938.0;0.0
0;39800;INTARIAN_PEPPER_ROOT;10930;17;10923;16;10913;18;10947;16;10954;13;10964;14;10938.5;0.0
0;39900;INTARIAN_PEPPER_ROOT;10935;17;10926;19;10914;12;10955;14;10964;15;10976;15;10945.0;0.0
0;40000;INTARIAN_PEPPER_ROOT;10930;20;10922;11;10911;17;10948;20;10956;20;10967;15;10939.0;0.0
0;40100;INTARIAN_PEPPER_ROOT;10932;13;10925;22;10915;19;10949;14;10956;19;10966;16;10940.5;0.0
0;40200;INTARIAN_PEPPER_ROOT;10935;19;10926;16;10914;16;10955;22;10964;16;10976;13;10945.0;0.0
0;40300;INTARIAN_PEPPER_ROOT;10930;19;10922;14;10911;12;10948;18;10956;19;10967;11;10939.0;0.0
0;40400;INTARIAN_PEPPER_ROOT;10935;20;10927;15;10915;15;10954;22;10962;17;10974;14;10944.5;0.0
0;40500;INTARIAN_PEPPER_ROOT;10941;16;10935;17;10926;14;10956;13;10962;14;10971;10;10948.5;0.0
0;40600;INTARIAN_PEPPER_ROOT;10939;18;10932;18;10922;14;10956;19;10963;22;10973;13;10947.5;0.0
0;40700;INTARIAN_PEPPER_ROOT;10935;20;10928;14;10918;18;10952;15;10959;17;10969;11;10943.5;0.0
0;40800;INTARIAN_PEPPER_ROOT;10931;17;10925;19;10916;9;10946;16;10952;17;10961;15;10938.5;0.0
0;40900;INTARIAN_PEPPER_ROOT;10932;19;10926;19;10917;15;10947;15;10953;9;10962;14;10939.5;0.0
0;41000;INTARIAN_PEPPER_ROOT;10930;15;10923;15;10913;12;10947;18;10954;23;10964;12;10938.5;0.0
0;41100;INTARIAN_PEPPER_ROOT;10931;19;10924;14;10914;18;10947;17;10954;16;10964;13;10939.0;0.0
0;41200;INTARIAN_PEPPER_ROOT;10935;13;10926;21;10914;14;10955;19;10964;18;10976;16;10945.0;0.0
0;41300;INTARIAN_PEPPER_ROOT;10940;19;10933;16;10923;12;10956;20;10963;15;10973;13;10948.0;0.0
0;41400;INTARIAN_PEPPER_ROOT;10934;23;10926;15;10915;13;10952;17;10960;15;10971;14;10943.0;0.0
0;41500;INTARIAN_PEPPER_ROOT;10937;18;10929;16;10917;15;10956;13;10964;16;10976;10;10946.5;0.0
0;41600;INTARIAN_PEPPER_ROOT;10937;17;10928;21;10916;19;10957;19;10966;16;10978;14;10947.0;0.0
0;41700;INTARIAN_PEPPER_ROOT;10935;15;10928;13;10918;11;10952;17;10959;14;10969;12;10943.5;0.0
0;41800;INTARIAN_PEPPER_ROOT;10934;18;10926;12;10915;14;10952;18;10960;15;10971;10;10943.0;0.0
0;41900;INTARIAN_PEPPER_ROOT;10930;20;10921;14;10909;17;10950;19;10959;14;10971;20;10940.0;0.0
0;42000;INTARIAN_PEPPER_ROOT;10941;18;10934;19;10924;12;10957;21;10964;18;10974;14;10949.0;0.0
0;42100;INTARIAN_PEPPER_ROOT;10936;19;10927;12;10915;17;10956;23;10965;15;10977;15;10946.0;0.0
0;42200;INTARIAN_PEPPER_ROOT;10940;23;10932;17;10921;16;10958;18;10966;17;10977;13;10949.0;0.0
0;42300;INTARIAN_PEPPER_ROOT;10931;16;10923;19;10912;10;10949;19;10957;16;10968;14;10940.0;0.0
0;42400;INTARIAN_PEPPER_ROOT;10935;23;10927;19;10916;17;10953;17;10961;11;10972;12;10944.0;0.0
0;42500;INTARIAN_PEPPER_ROOT;10931;14;10922;14;10909;15;10952;17;10961;13;10974;10;10941.5;0.0
0;42600;INTARIAN_PEPPER_ROOT;10942;21;10936;14;10927;17;10957;20;10963;13;10972;17;10949.5;0.0
0;42700;INTARIAN_PEPPER_ROOT;10939;14;10930;14;10917;15;10960;22;10969;15;10982;13;10949.5;0.0
0;42800;INTARIAN_PEPPER_ROOT;10651;13;10644;20;10634;19;10667;17;10674;20;10684;15;10659.0;0.0
0;42900;INTARIAN_PEPPER_ROOT;10930;15;10923;17;10913;19;10946;17;10953;17;10963;14;10938.0;0.0
0;43000;INTARIAN_PEPPER_ROOT;10936;17;10928;19;10917;17;10954;17;10962;17;10973;14;10945.0;0.0
0;43100;INTARIAN_PEPPER_ROOT;10942;15;10935;15;10925;15;10958;15;10965;15;10975;11;10950.0;0.0
0;43200;INTARIAN_PEPPER_ROOT;10937;16;10930;16;10920;16;10954;21;10961;17;10971;13;10945.5;0.0
0;43300;INTARIAN_PEPPER_ROOT;10934;22;10925;16;10913;17;10954;20;10963;16;10975;13;10944.0;0.0
0;43400;INTARIAN_PEPPER_ROOT;10935;20;10926;17;10913;14;10956;20;10965;13;10978;15;10945.5;0.0
0;43500;INTARIAN_PEPPER_ROOT;10936;22;10929;17;10919;15;10953;16;10960;10;10970;20;10944.5;0.0
0;43600;INTARIAN_PEPPER_ROOT;10941;18;10934;12;10924;15;10958;18;10965;20;10975;16;10949.5;0.0
0;43700;INTARIAN_PEPPER_ROOT;10939;18;10932;15;10922;13;10955;16;10962;16;10972;16;10947.0;0.0
0;43800;INTARIAN_PEPPER_ROOT;10938;17;10929;17;10917;18;10958;24;10967;14;10979;12;10948.0;0.0
0;43900;INTARIAN_PEPPER_ROOT;10934;16;10926;21;10915;18;10952;18;10960;14;10971;17;10943.0;0.0
0;44000;INTARIAN_PEPPER_ROOT;10717;18;10709;19;10697;16;10736;19;10744;21;10756;16;10726.5;0.0
0;44100;INTARIAN_PEPPER_ROOT;10931;20;10924;18;10914;15;10947;19;10954;15;10964;13;10939.0;0.0
0;44200;INTARIAN_PEPPER_ROOT;10941;19;10933;12;10922;13;10959;16;10967;16;10978;9;10950.0;0.0
0;44300;INTARIAN_PEPPER_ROOT;10939;22;10931;15;10920;13;10957;17;10965;18;10976;14;10948.0;0.0
0;44400;INTARIAN_PEPPER_ROOT;10937;23;10930;19;10920;12;10954;15;10961;14;10971;11;10945.5;0.0
0;44500;INTARIAN_PEPPER_ROOT;10939;17;10932;17;10922;14;10955;15;10962;17;10972;15;10947.0;0.0
0;44600;INTARIAN_PEPPER_ROOT;10934;12;10927;16;10917;17;10951;17;10958;18;10968;13;10942.5;0.0
0;44700;INTARIAN_PEPPER_ROOT;10932;24;10924;16;10913;16;10950;16;10958;15;10969;16;10941.0;0.0
0;44800;INTARIAN_PEPPER_ROOT;10931;19;10923;19;10912;12;10949;21;10957;17;10968;14;10940.0;0.0
0;44900;INTARIAN_PEPPER_ROOT;10940;17;10932;18;10921;17;10958;19;10966;17;10977;14;10949.0;0.0
0;45000;INTARIAN_PEPPER_ROOT;10940;20;10933;17;10923;14;10956;24;10963;19;10973;13;10948.0;0.0
0;45100;INTARIAN_PEPPER_ROOT;10938;18;10931;14;10921;16;10954;21;10961;20;10971;10;10946.0;0.0
0;45200;INTARIAN_PEPPER_ROOT;10940;22;10932;17;10920;18;10959;15;10967;17;10979;13;10949.5;0.0
0;45300;INTARIAN_PEPPER_ROOT;10943;20;10936;18;10926;13;10959;20;10966;13;10976;15;10951.0;0.0
0;45400;INTARIAN_PEPPER_ROOT;10944;15;10937;18;10927;20;10961;15;10968;15;10978;15;10952.5;0.0
0;45500;INTARIAN_PEPPER_ROOT;10943;18;10936;19;10926;17;10960;19;10967;14;10977;15;10951.5;0.0
0;45600;INTARIAN_PEPPER_ROOT;10929;17;10919;17;10905;14;10952;18;10962;13;10976;14;10940.5;0.0
0;45700;INTARIAN_PEPPER_ROOT;10936;12;10929;17;10919;15;10952;17;10959;18;10969;11;10944.0;0.0
0;45800;INTARIAN_PEPPER_ROOT;10941;22;10934;18;10924;12;10957;18;10964;12;10974;14;10949.0;0.0
0;45900;INTARIAN_PEPPER_ROOT;10941;18;10932;16;10919;12;10962;14;10971;15;10984;13;10951.5;0.0
0;46000;INTARIAN_PEPPER_ROOT;10939;18;10932;17;10922;17;10956;15;10963;14;10973;11;10947.5;0.0
0;46100;INTARIAN_PEPPER_ROOT;10945;13;10939;18;10930;13;10960;25;10966;17;10975;12;10952.5;0.0
0;46200;INTARIAN_PEPPER_ROOT;10941;20;10934;16;10924;12;10958;20;10965;19;10975;15;10949.5;0.0
0;46300;INTARIAN_PEPPER_ROOT;10943;19;10935;22;10923;15;10962;21;10970;14;10982;19;10952.5;0.0
0;46400;INTARIAN_PEPPER_ROOT;10938;20;10928;17;10914;11;10961;20;10971;12;10985;12;10949.5;0.0
0;46500;INTARIAN_PEPPER_ROOT;10940;19;10931;13;10919;11;10960;19;10969;15;10981;16;10950.0;0.0
0;46600;INTARIAN_PEPPER_ROOT;10939;26;10932;11;10922;16;10955;20;10962;16;10972;13;10947.0;0.0
0;46700;INTARIAN_PEPPER_ROOT;10939;19;10932;14;10922;13;10955;17;10962;19;10972;18;10947.0;0.0
0;46800;INTARIAN_PEPPER_ROOT;10946;13;10939;18;10929;20;10962;17;10969;20;10979;16;10954.0;0.0
0;46900;INTARIAN_PEPPER_ROOT;10944;16;10937;18;10927;12;10960;14;10967;14;10977;13;10952.0;0.0
0;47000;INTARIAN_PEPPER_ROOT;10939;16;10933;19;10924;12;10954;17;10960;14;10969;13;10946.5;0.0
0;47100;INTARIAN_PEPPER_ROOT;10934;16;10926;14;10914;16;10953;17;10961;18;10973;11;10943.5;0.0
0;47200;INTARIAN_PEPPER_ROOT;10943;15;10936;22;10926;12;10960;19;10967;17;10977;8;10951.5;0.0
0;47300;INTARIAN_PEPPER_ROOT;10945;25;10938;15;10928;20;10962;22;10969;14;10979;14;10953.5;0.0
0;47400;INTARIAN_PEPPER_ROOT;10946;17;10938;14;10926;12;10965;18;10973;20;10985;14;10955.5;0.0
0;47500;INTARIAN_PEPPER_ROOT;10946;21;10939;14;10929;13;10962;16;10969;14;10979;15;10954.0;0.0
0;47600;INTARIAN_PEPPER_ROOT;10941;16;10934;21;10924;13;10957;14;10964;17;10974;12;10949.0;0.0
0;47700;INTARIAN_PEPPER_ROOT;10944;16;10936;16;10925;14;10962;22;10970;17;10981;12;10953.0;0.0
0;47800;INTARIAN_PEPPER_ROOT;10946;21;10938;17;10927;12;10964;14;10972;22;10983;16;10955.0;0.0
0;47900;INTARIAN_PEPPER_ROOT;10941;23;10934;17;10924;15;10958;17;10965;16;10975;16;10949.5;0.0
0;48000;INTARIAN_PEPPER_ROOT;10943;18;10934;17;10922;15;10963;19;10972;17;10984;17;10953.0;0.0
0;48100;INTARIAN_PEPPER_ROOT;10947;18;10940;11;10930;11;10963;23;10970;16;10980;17;10955.0;0.0
0;48200;INTARIAN_PEPPER_ROOT;10946;22;10940;20;10931;13;10961;21;10967;19;10976;17;10953.5;0.0
0;48300;INTARIAN_PEPPER_ROOT;10951;20;10945;14;10936;14;10966;18;10972;16;10981;15;10958.5;0.0
0;48400;INTARIAN_PEPPER_ROOT;10946;19;10940;13;10931;10;10961;19;10967;13;10976;11;10953.5;0.0
0;48500;INTARIAN_PEPPER_ROOT;10941;20;10934;15;10924;16;10957;15;10964;16;10974;11;10949.0;0.0
0;48600;INTARIAN_PEPPER_ROOT;10940;18;10934;17;10925;13;10955;18;10961;16;10970;11;10947.5;0.0
0;48700;INTARIAN_PEPPER_ROOT;10942;24;10935;16;10925;15;10959;19;10966;14;10976;15;10950.5;0.0
0;48800;INTARIAN_PEPPER_ROOT;10940;19;10932;14;10920;12;10959;18;10967;17;10979;12;10949.5;0.0
0;48900;INTARIAN_PEPPER_ROOT;10941;20;10933;20;10922;14;10959;19;10967;14;10978;19;10950.0;0.0
0;49000;INTARIAN_PEPPER_ROOT;10939;16;10930;17;10917;18;10960;20;10969;14;10982;12;10949.5;0.0
0;49100;INTARIAN_PEPPER_ROOT;10948;13;10941;18;10931;17;10965;17;10972;15;10982;11;10956.5;0.0
0;49200;INTARIAN_PEPPER_ROOT;10945;22;10936;18;10924;20;10965;21;10974;20;10986;18;10955.0;0.0
0;49300;INTARIAN_PEPPER_ROOT;10949;18;10942;16;10932;12;10965;14;10972;15;10982;12;10957.0;0.0
0;49400;INTARIAN_PEPPER_ROOT;10945;17;10939;12;10930;20;10960;19;10966;15;10975;11;10952.5;0.0
0;49500;INTARIAN_PEPPER_ROOT;10943;16;10936;15;10926;15;10960;21;10967;18;10977;10;10951.5;0.0
0;49600;INTARIAN_PEPPER_ROOT;10937;17;10928;16;10916;20;10957;16;10966;16;10978;12;10947.0;0.0
0;49700;INTARIAN_PEPPER_ROOT;10942;18;10935;14;10925;16;10959;23;10966;16;10976;8;10950.5;0.0
0;49800;INTARIAN_PEPPER_ROOT;10938;18;10932;16;10923;9;10953;18;10959;14;10968;7;10945.5;0.0
0;49900;INTARIAN_PEPPER_ROOT;10939;20;10932;13;10922;14;10956;17;10963;18;10973;14;10947.5;0.0
0;50000;INTARIAN_PEPPER_ROOT;10937;19;10929;16;10917;16;10956;18;10964;14;10976;19;10946.5;0.0
0;50100;INTARIAN_PEPPER_ROOT;10945;16;10938;18;10928;15;10961;18;10968;14;10978;10;10953.0;0.0
0;50200;INTARIAN_PEPPER_ROOT;10944;20;10936;13;10924;20;10963;20;10971;17;10983;16;10953.5;0.0
0;50300;INTARIAN_PEPPER_ROOT;10943;16;10935;17;10924;15;10961;22;10969;16;10980;14;10952.0;0.0
0;50400;INTARIAN_PEPPER_ROOT;10946;19;10939;11;10929;20;10962;16;10969;10;10979;13;10954.0;0.0
0;50500;INTARIAN_PEPPER_ROOT;10945;21;10936;15;10924;10;10965;19;10974;18;10986;11;10955.0;0.0
0;50600;INTARIAN_PEPPER_ROOT;10945;22;10938;12;10928;17;10961;18;10968;14;10978;12;10953.0;0.0
0;50700;INTARIAN_PEPPER_ROOT;10951;17;10944;19;10934;12;10968;21;10975;19;10985;12;10959.5;0.0
0;50800;INTARIAN_PEPPER_ROOT;10947;18;10940;14;10930;18;10964;16;10971;22;10981;14;10955.5;0.0
0;50900;INTARIAN_PEPPER_ROOT;10950;20;10943;16;10933;15;10966;21;10973;20;10983;13;10958.0;0.0
0;51000;INTARIAN_PEPPER_ROOT;10950;15;10942;17;10931;16;10968;18;10976;18;10987;14;10959.0;0.0
0;51100;INTARIAN_PEPPER_ROOT;10946;22;10938;19;10927;14;10964;17;10972;12;10983;19;10955.0;0.0
0;51200;INTARIAN_PEPPER_ROOT;10946;20;10939;18;10929;11;10963;25;10970;9;10980;14;10954.5;0.0
0;51300;INTARIAN_PEPPER_ROOT;10941;21;10935;14;10926;11;10956;22;10962;18;10971;13;10948.5;0.0
0;51400;INTARIAN_PEPPER_ROOT;10948;21;10941;18;10931;15;10964;18;10971;10;10981;14;10956.0;0.0
0;51500;INTARIAN_PEPPER_ROOT;10949;19;10941;19;10929;15;10968;20;10976;18;10988;17;10958.5;0.0
0;51600;INTARIAN_PEPPER_ROOT;10950;16;10944;15;10935;15;10965;22;10971;21;10980;16;10957.5;0.0
0;51700;INTARIAN_PEPPER_ROOT;10948;19;10939;13;10926;15;10969;23;10978;16;10991;16;10958.5;0.0
0;51800;INTARIAN_PEPPER_ROOT;10951;20;10942;18;10929;13;10972;17;10981;18;10994;12;10961.5;0.0
0;51900;INTARIAN_PEPPER_ROOT;10755;22;10749;12;10740;12;10770;17;10776;15;10785;16;10762.5;0.0
0;52000;INTARIAN_PEPPER_ROOT;10938;16;10930;7;10918;15;10957;23;10965;14;10977;17;10947.5;0.0
0;52100;INTARIAN_PEPPER_ROOT;10940;20;10932;19;10920;16;10959;20;10967;12;10979;17;10949.5;0.0
0;52200;INTARIAN_PEPPER_ROOT;10944;17;10936;19;10924;11;10963;19;10971;14;10983;14;10953.5;0.0
0;52300;INTARIAN_PEPPER_ROOT;10944;22;10937;19;10927;12;10961;22;10968;18;10978;11;10952.5;0.0
0;52400;INTARIAN_PEPPER_ROOT;10940;23;10933;17;10923;11;10956;18;10963;15;10973;10;10948.0;0.0
0;52500;INTARIAN_PEPPER_ROOT;10948;15;10941;13;10931;19;10964;18;10971;13;10981;11;10956.0;0.0
0;52600;INTARIAN_PEPPER_ROOT;10945;19;10938;21;10928;16;10962;21;10969;15;10979;13;10953.5;0.0
0;52700;INTARIAN_PEPPER_ROOT;10949;14;10940;13;10928;12;10969;19;10978;16;10990;14;10959.0;0.0
0;52800;INTARIAN_PEPPER_ROOT;10943;19;10936;16;10926;14;10960;22;10967;11;10977;12;10951.5;0.0
0;52900;INTARIAN_PEPPER_ROOT;10952;19;10945;13;10935;20;10968;18;10975;15;10985;17;10960.0;0.0
0;53000;INTARIAN_PEPPER_ROOT;10953;19;10946;20;10936;16;10969;20;10976;17;10986;17;10961.0;0.0
0;53100;INTARIAN_PEPPER_ROOT;10953;19;10944;17;10932;7;10973;16;10982;16;10994;13;10963.0;0.0
0;53200;INTARIAN_PEPPER_ROOT;10952;18;10945;13;10935;11;10968;15;10975;17;10985;16;10960.0;0.0
0;53300;INTARIAN_PEPPER_ROOT;10949;20;10942;17;10932;14;10965;16;10972;15;10982;15;10957.0;0.0
0;53400;INTARIAN_PEPPER_ROOT;10949;18;10941;17;10930;16;10967;16;10975;14;10986;16;10958.0;0.0
0;53500;INTARIAN_PEPPER_ROOT;10949;19;10943;15;10934;18;10964;15;10970;13;10979;12;10956.5;0.0
0;53600;INTARIAN_PEPPER_ROOT;10944;19;10937;13;10927;15;10960;18;10967;16;10977;15;10952.0;0.0
0;53700;INTARIAN_PEPPER_ROOT;10942;19;10934;17;10923;15;10960;15;10968;12;10979;14;10951.0;0.0
0;53800;INTARIAN_PEPPER_ROOT;10948;22;10940;14;10929;19;10966;16;10974;13;10985;18;10957.0;0.0
0;53900;INTARIAN_PEPPER_ROOT;10949;16;10941;19;10930;8;10967;14;10975;19;10986;19;10958.0;0.0
0;54000;INTARIAN_PEPPER_ROOT;10950;16;10940;13;10926;18;10973;18;10983;14;10997;18;10961.5;0.0
0;54100;INTARIAN_PEPPER_ROOT;10945;15;10938;15;10928;19;10962;16;10969;19;10979;14;10953.5;0.0
0;54200;INTARIAN_PEPPER_ROOT;10948;20;10941;18;10931;14;10964;21;10971;16;10981;14;10956.0;0.0
0;54300;INTARIAN_PEPPER_ROOT;10947;21;10940;14;10930;9;10963;20;10970;17;10980;13;10955.0;0.0
0;54400;INTARIAN_PEPPER_ROOT;10945;19;10938;14;10928;16;10961;19;10968;17;10978;13;10953.0;0.0
0;54500;INTARIAN_PEPPER_ROOT;10944;18;10938;12;10929;13;10959;16;10965;15;10974;13;10951.5;0.0
0;54600;INTARIAN_PEPPER_ROOT;10943;23;10935;18;10923;15;10962;16;10970;12;10982;11;10952.5;0.0
0;54700;INTARIAN_PEPPER_ROOT;10944;21;10935;12;10921;14;10966;21;10975;16;10989;15;10955.0;0.0
0;54800;INTARIAN_PEPPER_ROOT;10952;19;10944;20;10933;15;10970;17;10978;15;10989;19;10961.0;0.0
0;54900;INTARIAN_PEPPER_ROOT;10943;18;10934;12;10922;16;10963;16;10972;19;10984;19;10953.0;0.0
0;55000;INTARIAN_PEPPER_ROOT;10946;18;10937;17;10924;19;10967;26;10976;13;10989;23;10956.5;0.0
0;55100;INTARIAN_PEPPER_ROOT;10952;20;10945;16;10935;12;10968;20;10975;16;10985;15;10960.0;0.0
0;55200;INTARIAN_PEPPER_ROOT;10946;16;10938;16;10927;14;10964;21;10972;18;10983;16;10955.0;0.0
0;55300;INTARIAN_PEPPER_ROOT;10953;12;10945;17;10933;13;10972;18;10980;9;10992;15;10962.5;0.0
0;55400;INTARIAN_PEPPER_ROOT;10950;17;10943;17;10933;18;10967;17;10974;16;10984;17;10958.5;0.0
0;55500;INTARIAN_PEPPER_ROOT;10949;17;10942;19;10932;17;10965;17;10972;13;10982;18;10957.0;0.0
0;55600;INTARIAN_PEPPER_ROOT;10954;20;10947;15;10937;18;10971;17;10978;17;10988;16;10962.5;0.0
0;55700;INTARIAN_PEPPER_ROOT;10953;17;10946;13;10936;13;10970;19;10977;19;10987;16;10961.5;0.0
0;55800;INTARIAN_PEPPER_ROOT;10947;20;10939;18;10927;16;10966;19;10974;13;10986;12;10956.5;0.0
0;55900;INTARIAN_PEPPER_ROOT;10945;17;10935;22;10921;13;10968;15;10978;14;10992;18;10956.5;0.0
0;56000;INTARIAN_PEPPER_ROOT;10948;24;10942;16;10933;15;10963;20;10969;19;10978;17;10955.5;0.0
0;56100;INTARIAN_PEPPER_ROOT;10946;12;10937;22;10923;18;10968;19;10977;15;10991;12;10957.0;0.0
0;56200;INTARIAN_PEPPER_ROOT;10951;13;10942;19;10930;15;10971;18;10980;19;10992;15;10961.0;0.0
0;56300;INTARIAN_PEPPER_ROOT;10949;17;10942;17;10932;17;10965;17;10972;15;10982;14;10957.0;0.0
0;56400;INTARIAN_PEPPER_ROOT;10951;20;10944;18;10934;13;10967;18;10974;13;10984;14;10959.0;0.0
0;56500;INTARIAN_PEPPER_ROOT;10949;22;10940;21;10928;20;10969;18;10978;13;10990;18;10959.0;0.0
0;56600;INTARIAN_PEPPER_ROOT;10953;17;10945;16;10934;23;10971;17;10979;24;10990;17;10962.0;0.0
0;56700;INTARIAN_PEPPER_ROOT;10952;19;10945;18;10935;15;10968;14;10975;16;10985;15;10960.0;0.0
0;56800;INTARIAN_PEPPER_ROOT;10952;14;10945;18;10935;16;10968;21;10975;17;10985;14;10960.0;0.0
0;56900;INTARIAN_PEPPER_ROOT;10944;10;10937;16;10927;14;10960;14;10967;18;10977;10;10952.0;0.0
0;57000;INTARIAN_PEPPER_ROOT;10948;14;10941;16;10931;15;10964;21;10971;16;10981;16;10956.0;0.0
0;57100;INTARIAN_PEPPER_ROOT;10949;14;10941;17;10930;14;10967;17;10975;13;10986;16;10958.0;0.0
0;57200;INTARIAN_PEPPER_ROOT;10949;17;10941;14;10930;17;10967;19;10975;17;10986;14;10958.0;0.0
0;57300;INTARIAN_PEPPER_ROOT;10952;18;10945;20;10935;11;10968;21;10975;16;10985;16;10960.0;0.0
0;57400;INTARIAN_PEPPER_ROOT;10956;21;10949;18;10939;15;10973;17;10980;19;10990;16;10964.5;0.0
0;57500;INTARIAN_PEPPER_ROOT;10954;22;10947;16;10937;16;10970;13;10977;21;10987;17;10962.0;0.0
0;57600;INTARIAN_PEPPER_ROOT;10953;18;10946;18;10936;16;10970;16;10977;17;10987;13;10961.5;0.0
0;57700;INTARIAN_PEPPER_ROOT;10951;15;10944;15;10934;15;10967;24;10974;15;10984;13;10959.0;0.0
0;57800;INTARIAN_PEPPER_ROOT;10955;18;10947;18;10935;15;10974;17;10982;15;10994;18;10964.5;0.0
0;57900;INTARIAN_PEPPER_ROOT;10956;21;10948;15;10936;19;10975;17;10983;18;10995;12;10965.5;0.0
0;58000;INTARIAN_PEPPER_ROOT;10954;20;10947;18;10937;7;10971;15;10978;13;10988;12;10962.5;0.0
0;58100;INTARIAN_PEPPER_ROOT;10954;17;10947;16;10937;14;10970;19;10977;14;10987;12;10962.0;0.0
0;58200;INTARIAN_PEPPER_ROOT;10950;20;10943;14;10933;12;10967;17;10974;17;10984;14;10958.5;0.0
0;58300;INTARIAN_PEPPER_ROOT;10951;17;10943;11;10932;14;10969;15;10977;18;10988;16;10960.0;0.0
0;58400;INTARIAN_PEPPER_ROOT;10948;14;10940;18;10928;14;10967;21;10975;20;10987;15;10957.5;0.0
0;58500;INTARIAN_PEPPER_ROOT;10948;14;10940;13;10929;16;10966;16;10974;17;10985;12;10957.0;0.0
0;58600;INTARIAN_PEPPER_ROOT;10946;18;10939;17;10929;16;10962;23;10969;18;10979;15;10954.0;0.0
0;58700;INTARIAN_PEPPER_ROOT;10947;18;10939;18;10928;17;10965;21;10973;16;10984;12;10956.0;0.0
0;58800;INTARIAN_PEPPER_ROOT;10955;20;10948;17;10938;17;10972;19;10979;19;10989;18;10963.5;0.0
0;58900;INTARIAN_PEPPER_ROOT;10954;9;10948;16;10939;22;10969;17;10975;15;10984;15;10961.5;0.0
0;59000;INTARIAN_PEPPER_ROOT;10953;17;10944;17;10932;19;10973;19;10982;17;10994;18;10963.0;0.0
0;59100;INTARIAN_PEPPER_ROOT;10952;17;10945;11;10935;15;10968;21;10975;17;10985;9;10960.0;0.0
0;59200;INTARIAN_PEPPER_ROOT;10955;19;10947;15;10936;12;10973;18;10981;8;10992;18;10964.0;0.0
0;59300;INTARIAN_PEPPER_ROOT;10956;17;10950;19;10941;13;10971;16;10977;15;10986;16;10963.5;0.0
0;59400;INTARIAN_PEPPER_ROOT;10951;17;10943;19;10932;14;10969;15;10977;20;10988;15;10960.0;0.0
0;59500;INTARIAN_PEPPER_ROOT;10949;16;10942;14;10932;16;10965;18;10972;23;10982;12;10957.0;0.0
0;59600;INTARIAN_PEPPER_ROOT;10950;20;10941;15;10929;17;10970;15;10979;22;10991;17;10960.0;0.0
0;59700;INTARIAN_PEPPER_ROOT;10954;12;10948;18;10939;13;10969;20;10975;16;10984;13;10961.5;0.0
0;59800;INTARIAN_PEPPER_ROOT;10953;16;10947;16;10938;10;10968;21;10974;13;10983;12;10960.5;0.0
0;59900;INTARIAN_PEPPER_ROOT;10951;17;10942;11;10930;9;10971;24;10980;15;10992;13;10961.0;0.0
